{"loss": 0.0033206266816705465, "eps": 0.8022558715858824, "episode_reward": 1.0, "_timestamp": 1713060871.0549388, "reward": 0.0, "video": {"_type": "video-file", "sha256": "7eb06680b79af33677505daa259309d76ae772e7f4b2b8de57bd7948a7c461c7", "size": 1621, "path": "media/videos/video_168_7eb06680b79af3367750.gif", "width": 160, "height": 210, "caption": "0.0"}, "_runtime": 1740.8796968460083, "_step": 95687, "_wandb": {"runtime": 1744}}