{"loss": 0.06264407187700272, "eps": 0.05709093796364418, "avg_reward": 1.6099706744868034, "_timestamp": 1712972856.4358568, "_runtime": 5685.332898855209, "_step": 95572, "_wandb": {"runtime": 5693}}