{"loss": 0.00235726498067379, "eps": 0.9944890316590371, "episode_reward": 3.0, "_timestamp": 1713048300.986855, "_runtime": 49.44910192489624, "_step": 2400, "_wandb": {"runtime": 89}}