{"loss": 0.0007570465095341206, "eps": 0.7317998017126146, "avg_reward": 1.1363636363636365, "_timestamp": 1712967105.485612, "_runtime": 876.6818358898163, "_step": 10423, "_wandb": {"runtime": 888}}