{"loss": 0.00013930327259004116, "eps": 0.5557810627773725, "avg_reward": 1.2142857142857142, "_timestamp": 1712979645.802516, "_runtime": 5743.198397874832, "_step": 127548, "_wandb": {"runtime": 5744}}