{"loss": 0.00017143224249593914, "eps": 0.8846998360635852, "avg_reward": 1.1, "_timestamp": 1712997103.666616, "_runtime": 443.3508780002594, "_step": 26602, "_wandb": {"runtime": 446}}