{"loss": 0.0024875053204596043, "eps": 0.9939808042306557, "episode_reward": 0.0, "_timestamp": 1713047969.081024, "_runtime": 87.78113102912903, "_step": 2622, "reward": 0.0, "video": {"_type": "video-file", "sha256": "9501ca0e3a2aaa7352fc9b576d7a0683526dbc4e4e9cce0ed886df6482a37f50", "size": 34644, "path": "media/videos/video_2126_9501ca0e3a2aaa7352fc.gif", "width": 210, "height": 160, "caption": "0.0"}, "_wandb": {"runtime": 147}}