{"loss": 0.0016086441464722157, "eps": 0.9325088660380987, "episode_reward": 1.0, "_timestamp": 1713059111.5624661, "reward": 0.0, "video": {"_type": "video-file", "sha256": "4e91a7ddb5070097923940603046d18b900e968d1ef868a10f3f887a0e622f19", "size": 1227, "path": "media/videos/video_306_4e91a7ddb50700979239.gif", "width": 160, "height": 210, "caption": "0.0"}, "_runtime": 511.13566613197327, "_step": 30347, "_wandb": {"runtime": 514}}