{"_wandb": {"runtime": 42}, "loss": 0.0029359522741287947, "eps": 0.9984400637132044, "episode_reward": 1.0, "_timestamp": 1713047255.93214, "_runtime": 37.70698308944702, "_step": 678}