{"loss": 0.032022882252931595, "eps": 0.2712173281759731, "episode_reward": 2.0, "_timestamp": 1713047964.105647, "_runtime": 12775.170085191727, "_step": 566682}