{"loss": 0.0011566051980480552, "eps": 0.9532701174236385, "avg_reward": 1.9230769230769231, "_timestamp": 1712995776.896131, "_runtime": 130.20700907707214, "_step": 10392, "_wandb": {"runtime": 129}}