{"loss": 0.014882447198033333, "eps": 0.5787536760040678, "episode_reward": 3.0, "_timestamp": 1713053630.755967, "reward": 3.0, "video": {"_type": "video-file", "sha256": "bdeaa17d0b883ca081c97c1a63f9a119c53369846c8a527fc423a823e006e89b", "size": 30471, "path": "media/videos/video_200589_bdeaa17d0b883ca081c9.gif", "width": 160, "height": 210, "caption": "3.0"}, "_runtime": 4705.85177898407, "_step": 237506, "_wandb": {"runtime": 4711}}