{"loss": 0.03722962737083435, "eps": 0.9988240697892967, "episode_reward": 1.0, "_timestamp": 1713053748.8707032, "reward": 3.0, "video": {"_type": "video-file", "sha256": "58226833a9a46fcc5332625ff93ec1ac8d0a926b80bd611876157ec53c0a4947", "size": 26265, "path": "media/videos/video_288_58226833a9a46fcc5332.gif", "width": 160, "height": 210, "caption": "3.0"}, "_runtime": 43.985600233078, "_step": 511, "_wandb": {"runtime": 46}}