{"loss": 0.0032001512590795755, "eps": 0.9770077076510023, "episode_reward": 0.0, "_timestamp": 1713047505.839797, "_runtime": 210.32793807983398, "_step": 10102, "_wandb": {"runtime": 223}}