{"loss": 0.00029591572820208967, "eps": 0.9767512817055696, "avg_reward": 1.0, "_timestamp": 1712997265.522368, "_runtime": 95.63313102722168, "_step": 5108, "_wandb": {"runtime": 96}}