{"loss": 0.001016946043819189, "eps": 0.9923868404648578, "episode_reward": 1.0, "_timestamp": 1713048419.409397, "_runtime": 67.78150677680969, "_step": 3319, "reward": 1.0, "video": {"_type": "video-file", "sha256": "244a9f3234723737c33446e82bb72b9ec845cb7097025e7ced003ba181df15d3", "size": 52441, "path": "media/videos/video_2623_244a9f3234723737c334.gif", "width": 160, "height": 210, "caption": "1.0"}, "_wandb": {"runtime": 73}}