{"_wandb": {"runtime": 45}, "loss": 0.0009588057873770595, "eps": 0.9985757136620497, "episode_reward": 1.0, "_timestamp": 1713047117.1422458, "_runtime": 44.93235468864441, "_step": 619}