{"loss": 0.001355868997052312, "eps": 0.01, "avg_reward": 3.856615709014233, "_timestamp": 1713034851.439154, "_runtime": 37141.06341290474, "_step": 2167582, "_wandb": {"runtime": 37151}}