{"loss": 0.002734159119427204, "eps": 0.9950273032861509, "episode_reward": 0.0, "_timestamp": 1713054043.403157, "reward": 0.0, "video": {"_type": "video-file", "sha256": "79109a364addba674d0ad8030a6b4739a75794d99b94c7da123fbedfa7f686e2", "size": 17823, "path": "media/videos/video_356_79109a364addba674d0a.gif", "width": 160, "height": 210, "caption": "0.0"}, "_runtime": 69.6282889842987, "_step": 2165, "_wandb": {"runtime": 71}}