{"loss": 0.001344085205346346, "eps": 0.9864157410990161, "episode_reward": 2.0, "_timestamp": 1713047716.2607281, "_runtime": 137.78793811798096, "_step": 5940, "_wandb": {"runtime": 143}}