{"loss": 0.3738478422164917, "eps": 0.9716368726854305, "episode_reward": 3.0, "_timestamp": 1713058038.0735848, "reward": 1.0, "video": {"_type": "video-file", "sha256": "9f020cd31dfb3bc7d69cdcba8ca6249e3ffc53f281e102606faef29722e6445d", "size": 29406, "path": "media/videos/video_177_9f020cd31dfb3bc7d69c.gif", "width": 160, "height": 210, "caption": "1.0"}, "_runtime": 147.16334176063538, "_step": 12496, "_wandb": {"runtime": 146}}