{"_wandb": {"runtime": 37}, "loss": 0.09281876683235168, "eps": 0.9995971283803469, "episode_reward": 0.0, "_timestamp": 1713048860.965604, "_runtime": 38.27085494995117, "_step": 175}