{"loss": 0.05747685953974724, "eps": 0.9726979217674506, "episode_reward": 3.0, "_timestamp": 1713058544.764867, "reward": 0.0, "video": {"_type": "video-file", "sha256": "34d1e03f5e188c1ecdaece7c21b6572b2763ae561d28d86f3853d2a2b56d5f2c", "size": 1924, "path": "media/videos/video_212_34d1e03f5e188c1ecdae.gif", "width": 160, "height": 210, "caption": "0.0"}, "_runtime": 236.10180497169495, "_step": 12022, "_wandb": {"runtime": 235}}