{"loss": 0.01448783464729786, "eps": 0.9938434900559344, "episode_reward": 1.0, "_timestamp": 1713048107.5768802, "_runtime": 55.696683168411255, "_step": 2682, "_wandb": {"runtime": 166}}