{"loss": 0.000722958764526993, "eps": 0.4913341082609301, "avg_reward": 1.55, "_timestamp": 1712996374.9625049, "_runtime": 273.1284728050232, "_step": 15431, "_wandb": {"runtime": 278}}