{"loss": 0.0003632805892266333, "eps": 0.03729585533874621, "avg_reward": 1.135, "_timestamp": 1712992777.566852, "_runtime": 11976.077423095703, "_step": 714169, "_wandb": {"runtime": 11975}}