{"loss": 0.0024404125288128853, "eps": 0.9878772741131963, "episode_reward": 3.0, "_timestamp": 1713047853.1217458, "_runtime": 120.37574481964111, "_step": 5297, "_wandb": {"runtime": 119}}